treatments,agg_ranks,score
AMI,1,78.16666666666667
OLA,2,75.83333333333333
CLO,3,70.0
PAL,4,69.41666666666667
RIS,5,66.5
ARI,6,64.75
QUE,7,58.91666666666667
HAL,8,53.66666666666667
SER,9,45.5
ZOT,10,40.833333333333336
PBO,11,39.66666666666667
ZIP,12,39.666666666666664
ASE,13,37.333333333333336
LUR,14,35.583333333333336
CPZ,15,29.166666666666668
ILO,16,28.583333333333336
